<?xml version="1.0" encoding="UTF-8"?>
<beans:beans xmlns="http://www.springframework.org/schema/mvc"
             xmlns:xsi="http://www.w3.org/2001/XMLSchema-instance"
             xmlns:beans="http://www.springframework.org/schema/beans"
             xmlns:context="http://www.springframework.org/schema/context"
             xsi:schemaLocation="http://www.springframework.org/schema/mvc https://www.springframework.org/schema/mvc/spring-mvc.xsd
             http://www.springframework.org/schema/beans https://www.springframework.org/schema/beans/spring-beans.xsd
             http://www.springframework.org/schema/context https://www.springframework.org/schema/context/spring-context.xsd">
    <!-- dispatcher-servlet.xml : 내부 웹 접근 및 처리 작업 설정 파일 -->

    <!--  접근 자원에 대한 권한 설정 -->
    <resources mapping="/resources/**" location="/resources/" />
    <resources mapping="/data/**" location="/data/" />
    <resources mapping="/admin/**" location="/WEB-INF/views/admin" />
    <resources mapping="/board/**" location="/WEB-INF/views/board" />
    <resources mapping="/check/**" location="/WEB-INF/views/check" />
    <resources mapping="/databank/**" location="/WEB-INF/views/databank" />
    <resources mapping="/free/**" location="/WEB-INF/views/free" />
    <resources mapping="/include/**" location="/WEB-INF/views/include" />
    <resources mapping="/member/**" location="/WEB-INF/views/member" />
    <resources mapping="/notice/**" location="/WEB-INF/views/notice" />
    <resources mapping="/qna/**" location="/WEB-INF/views/qna" />
    <resources mapping="/reservation/**" location="/WEB-INF/views/reservation" />
    <resources mapping="/util/**" location="/WEB-INF/views/util" />

    <!-- 컨트롤러에서 던진 URL : /notice/noticeList -->
    <!-- 실제 존재하는 URL : /WEB-INF/views/notice/noticeList.jsp -->
    <!-- 앞(prefix) : /WEB-INF/views, 뒤(suffix) : .jsp -->
    <!-- 리졸버에 대한 접두사와 접미사 설정 -->
    <beans:bean class="org.springframework.web.servlet.view.InternalResourceViewResolver">
        <beans:property name="prefix" value="/WEB-INF/views" />
        <beans:property name="suffix" value=".jsp" />
    </beans:bean>

    <!-- 멀티파트 리졸버 설정 -->
    <beans:bean id="multipartResolver" class="org.springframework.web.multipart.commons.CommonsMultipartResolver">
        <beans:property name="maxUploadSize" value="10485760" />
    </beans:bean>

    <!-- 멀티파트 업로드 디렉토리 지정 -->
    <beans:bean id="uploadPath" class="java.lang.String">
        <beans:constructor-arg value="D:\park\spring1\pro03\src\main\webapp\resources\upload" />
    </beans:bean>

    <!-- 기본 메인 패키지 및 컨트롤러 패키지 설정 -->
    <context:component-scan base-package="kr.co.teaspoon" />

    <!-- 인터셉터 : 글쓰기와 같은 회원권한을 가진 경우는 반드시 로그인 페이지를 거쳐서 시도할 것  -->
    <beans:bean id="sampleInterceptor" class="kr.co.teaspoon.util.SampleInterceptor" />
    <beans:bean id="adminInterceptor" class="kr.co.teaspoon.util.AdminInterceptor" />
    <interceptors>
        <interceptor>
            <mapping path="/free/**"/>
            <beans:ref bean="sampleInterceptor" />
        </interceptor>
        <interceptor>
            <mapping path="/admin/**"/>
            <beans:ref bean="adminInterceptor" />
        </interceptor>
    </interceptors>
    <!-- free 디렉토리의 view(.jsp)를 접근하려면 SampleInterceptor 클래스에서 제시한 조건이 맞을 경우 접근가능하게 할 수 있도록 함. -->
    <!-- admin 디렉토리의 view(.jsp)를 접근하려면 AdminInterceptor 클래스에서 제시한 조건이 맞을 경우 접근가능하게 할 수 있도록 함. -->
</beans:beans>